fold,test_pid,accuracy,precision,recall
1,AP01,0.7338090010976949,0.3743483783611678,0.5530422136384404
2,AP02,0.34821933295647256,0.3575617942248816,0.576674917491749
3,AP03,0.5406839622641509,0.33162338809397635,0.2645920190589637
4,AP04,0.8359213250517599,0.3923078906374106,0.41051685495523166
5,AP05,0.6192283364958887,0.4292454509750243,0.5244119059001092
